Tracker,Average IoU under Occlusion,Success Rate 50 under Occlusion (%),Success Rate 30 under Occlusion (%)
CSRT,0.5082139548945586,71.03487064116986,73.00337457817773
KCF,0.38703157697344365,49.90626171728534,53.168353955755535
MEDIANFLOW,0.2341659074406608,25.084364454443193,30.50243719535058
MIL,0.2684405350109723,33.89576302962129,48.33145856767904
