Tracker,Average IoU,Success Rate 50 (%),Success Rate 30 (%)
CSRT,0.5407890896903228,71.03487064116986,73.00337457817773
KCF,0.37790851469536585,49.90626171728534,53.168353955755535
MEDIANFLOW,0.22437189998654833,25.084364454443193,30.50243719535058
