Tracker,Experiment,Average FPS
CSRT,Baseline,8.117512683901438
CSRT,Noise,15.011796450882384
CSRT,Occlusion,9.767128244737938
KCF,Baseline,108.20703101037036
KCF,Noise,100.87250908605655
KCF,Occlusion,109.45188587577616
MEDIANFLOW,Baseline,246.75367706885137
MEDIANFLOW,Noise,184.79723092556625
MEDIANFLOW,Occlusion,222.13837528409923
MIL,Baseline,8.922683245220604
MIL,Noise,9.297526922241158
MIL,Occlusion,9.240506175689937
