Tracker,Experiment,Average FPS
CSRT,Baseline,7.734761102916551
CSRT,Noise,13.193620758950898
CSRT,Occlusion,8.963434079587994
KCF,Baseline,92.50717707715664
KCF,Noise,95.92766209759058
KCF,Occlusion,98.36328872175528
MEDIANFLOW,Baseline,236.3416388991895
MEDIANFLOW,Noise,187.6708375118717
MEDIANFLOW,Occlusion,226.11082006238146
