Tracker,Average IoU,Success Rate 70 (%),Success Rate 50 (%),Success Rate 30 (%)
CSRT,0.5407890896903228,46.15673040869891,71.03487064116986,73.00337457817773
KCF,0.37790851469536585,29.058867641544804,49.90626171728534,53.168353955755535
MEDIANFLOW,0.22437189998654833,17.491563554555682,25.084364454443193,30.50243719535058
MIL,0.31530437395117555,18.18522684664417,33.89576302962129,48.33145856767904
