Tracker,Average IoU under Noise,Success Rate 50 under Noise (%),Success Rate 30 under Noise (%)
CSRT,0.4463045900406256,0.0,100.0
KCF,0.32456866420981606,0.0,100.0
MEDIANFLOW,0.18543009487376674,0.0,0.0
MIL,0.3490438895635491,0.0,100.0
